rating,reader_id
5.0,4622890
5.0,4632071
5.0,45618
5.0,1246837
5.0,4971692
5.0,10171516
5.0,2250020
3.0,16384209
4.0,3672777
5.0,10376232
1.0,26402455
5.0,65321843
5.0,58818027
5.0,2467655
3.0,32879029
5.0,4858513
5.0,4687823
5.0,40133512010
5.0,3564852
5.0,40997852
4.0,13061577
5.0,652877
1.0,2190064
5.0,49148508
5.0,14910424
2.0,1215148
1.0,10502567
1.0,11166121
1.0,2156200
4.0,1452829
5.0,3842653
5.0,3455554
5.0,30248594
5.0,31461418
5.0,1594906
2.0,54464244
5.0,34338862
4.0,32524334
4.0,5451856
5.0,1746727
5.0,24569331
5.0,108298
4.0,14514998
5.0,4972138
5.0,14105531
5.0,7670260
5.0,42488126
5.0,17688793
5.0,7476704
5.0,4465641
5.0,10762033
2.0,8422853
2.0,7477266
5.0,1169488
4.0,8759700
5.0,42508
2.0,1053760
5.0,7584700
2.0,3335664
5.0,23304719
4.0,10148904
5.0,2924544
3.0,2049248
4.0,29249069
5.0,4808910
3.0,4218875
5.0,137273
5.0,4016030
5.0,8143165
5.0,5481477
5.0,6646452
5.0,679025
5.0,38962215
5.0,10697179
5.0,10890208
3.0,129742479
5.0,5494655
5.0,4863162
5.0,14778159
5.0,6058998
4.0,6511257
,8734459
,57334157
5.0,1453659
5.0,33526516
4.0,16392157
4.0,31668723
5.0,2010935
5.0,2813423
5.0,3165683
5.0,886144
5.0,10484016
5.0,2483439
5.0,1233686
5.0,4147373
5.0,15050590
,6418118
5.0,607804
,10752235
5.0,36097076
4.0,44081906
3.0,2018505
4.0,376717
5.0,28997462
5.0,1852293
5.0,1329059
5.0,1331641
5.0,1552211
5.0,13742215
4.0,22224742
5.0,47960008
5.0,4404986
2.0,1899836
4.0,11998901
5.0,19748757
5.0,808994
5.0,23766121
3.0,4800103
4.0,2594672
4.0,10964405
5.0,61451674
4.0,26094436
5.0,3039709
2.0,1376766
5.0,8957684
5.0,4841793
5.0,2250501
5.0,4358824
5.0,23191346
3.0,1591538
3.0,42944800
5.0,36193941
4.0,3471319
5.0,4844873
5.0,2352516
4.0,3533262
5.0,560244431
4.0,5873788
4.0,8118494
5.0,8359556
4.0,542037
5.0,4445010
4.0,83445
3.0,2705039
5.0,32429909
5.0,584261
5.0,27632683
5.0,11622887
5.0,57602032
4.0,48728730
2.0,45911840
4.0,24550695
5.0,12460952
5.0,4352734
3.0,3254923
5.0,2098381
5.0,50378
5.0,19673751
,19022440
4.0,68030
5.0,4019599
5.0,3279570
3.0,4590441
2.0,1406898
5.0,8426828
5.0,1894085
5.0,9988899
5.0,8191214
5.0,6703235
4.0,3957464
4.0,3813315
5.0,2753251
5.0,5543697
5.0,1456192
4.0,4111021
5.0,16376033
5.0,2899132
5.0,4973870
2.0,33012180
3.0,299871
5.0,15004522
2.0,7045292
4.0,2941288
5.0,4995937
2.0,5799885
5.0,5696018
5.0,8191340
4.0,28203865
5.0,1863682
5.0,3106785
5.0,3947264
5.0,2327078
3.0,7339302
5.0,25774455
2.0,14811808
3.0,13779
5.0,45948938
5.0,4518564
3.0,4691420
5.0,32607699
5.0,1258344
4.0,9970130
5.0,11436874
5.0,31211197
5.0,16770138
4.0,6149340
3.0,3908234
5.0,2108919
5.0,3143126
3.0,5172893
5.0,3378835
5.0,2786617
5.0,2843533
4.0,25664831
5.0,3294750
2.0,4884555
5.0,840454
4.0,202724
5.0,44150372
5.0,34498804
5.0,25309949
2.0,7780308
5.0,10980280
5.0,4545538
5.0,51109836
5.0,1886642
5.0,4857999
5.0,20688802
4.0,16972344
4.0,5299266
,15550986
5.0,36007718
5.0,4285990
5.0,15273212
4.0,4619726
5.0,5509001
5.0,7794948
2.0,28353412
5.0,8492956
5.0,7399193
5.0,10486977
4.0,541201
5.0,27789604
5.0,3904260
5.0,4345315
3.0,4336293
2.0,3067217
4.0,4652743
5.0,21712829
4.0,271355
5.0,12960387
5.0,2245895
5.0,3283298
3.0,2411388
5.0,5293701
5.0,39530640
5.0,1648704
5.0,2181877
5.0,4684496
1.0,1303301
5.0,3247986
5.0,711951
5.0,6519516
5.0,18389887
5.0,3309023
5.0,73076992
3.0,4718375
5.0,317985
4.0,8740772
5.0,10641627
5.0,51080898
4.0,5136858
5.0,4813970
5.0,3047395
,15301442
5.0,5577585
3.0,5929356
4.0,11170889
5.0,3226530
5.0,4659650
4.0,1768876
5.0,27215232
5.0,3850693
5.0,2357595
4.0,10980741
5.0,12538079
5.0,10392239
4.0,1788674
4.0,9653496
5.0,1089679
5.0,1102597
5.0,21046846
5.0,2427081
4.0,1969199
5.0,1561203
5.0,5889376
5.0,102416113
5.0,140475927
5.0,145741749
5.0,9681387
5.0,136696557
3.0,5902391
5.0,71406959
4.0,12810612
5.0,73733961
3.0,144312006
,56405002
3.0,32516716
3.0,131572290
4.0,140485585
1.0,143881753
5.0,126218336
5.0,4476147
4.0,128298341
5.0,143826185
3.0,28957322
3.0,4918607
5.0,73648905
,143205737
1.0,1306191
2.0,27871126
2.0,4546014
5.0,77956982
5.0,10672669
4.0,27236171
5.0,118161405
5.0,77420397
5.0,141795647
5.0,141602183
5.0,133419610
5.0,123058601
2.0,331704691352
4.0,40477684
,10954350
4.0,126563
3.0,386610
4.0,133477222
3.0,114461369
5.0,74103854
5.0,99138818
4.0,21977558
5.0,140084523
5.0,7594024
4.0,118564366
5.0,139263971
2.0,138420590
2.0,10394610
4.0,121283896
4.0,42721826
5.0,138772773
5.0,138814112
5.0,16110571
5.0,70164350
5.0,26174988
5.0,39485936
5.0,127806407
5.0,93624337
4.0,31681032
5.0,115985138
2.0,18596706
4.0,7245479
2.0,10964175
5.0,103717433
4.0,3257718
5.0,137487310
4.0,44687334
5.0,43087751
3.0,110493
3.0,67885273
4.0,5813462
5.0,110932250
4.0,90901316
2.0,20423675
3.0,123053140
5.0,15972364
3.0,64627936
5.0,22967907
4.0,74620901
5.0,29518535
5.0,67741199
5.0,135731301
4.0,62344182
5.0,93156246
4.0,15902221
2.0,57658851
1.0,31869555
4.0,1180557
5.0,14867927
,130694481
5.0,30058710
5.0,126652525
5.0,90919290
5.0,36098908
4.0,2604410
4.0,50338441
5.0,10117288
5.0,18595052
5.0,129254227
5.0,127898524
4.0,119956719
2.0,68992462
5.0,116959564
4.0,14209471
5.0,95305753
3.0,5135456
5.0,132328244
,4914100
5.0,5471295
4.0,8333723
5.0,126081767
5.0,131713977
3.0,69369429
5.0,4137439
4.0,60632046
5.0,114602485
3.0,12795765
4.0,6824330
,28508337
5.0,15749291
4.0,19656916
,128055085
5.0,120916309
4.0,130134438
4.0,130134437
4.0,130134425
4.0,130134421
4.0,130134405
4.0,130134403
4.0,130134389
4.0,130134384
4.0,130134380
4.0,130134365
4.0,130134364
4.0,130134359
4.0,130134352
4.0,130134349
4.0,130134326
2.0,86488810
4.0,55291351
4.0,27049077
4.0,129685558
5.0,59061838
5.0,104585639
5.0,29249137
5.0,129000198
4.0,49579872
4.0,2274923
4.0,11119449
5.0,98145835
5.0,62605021
5.0,127116977
5.0,49604491
5.0,59728075
1.0,109525126
5.0,87105869
5.0,113516194
3.0,30650696
4.0,35191929
3.0,4645236
5.0,40375880
5.0,121283225
5.0,16475927
4.0,22624077
4.0,71785557
5.0,10101244
,51257347
3.0,40396245
1.0,14815254
4.0,125183206
4.0,18239934
5.0,109072186
5.0,58544868
4.0,20122524
4.0,8480743
5.0,101236511
5.0,7044384
5.0,124877310
5.0,3207501
5.0,56574312
5.0,122746038
5.0,123700470
5.0,41484018
5.0,3677466
5.0,119603920
5.0,85561173
3.0,14516479
5.0,123264482
5.0,32553777
5.0,36885249
5.0,18812734
4.0,45416696
2.0,4151013
3.0,13970515
3.0,27332846
1.0,107981274
4.0,36777029
5.0,117562883
4.0,2174639
4.0,7104023
5.0,5086225
2.0,25523399
5.0,39579143
5.0,14003607
4.0,6262023
4.0,8109719
2.0,62750314
,3898124
4.0,103531462
5.0,41428542
3.0,41996440
,287658
,23659322
5.0,24688102
5.0,81226174
5.0,6302084
3.0,586478213
3.0,94995510
5.0,117367710
5.0,27239760
5.0,101379479
5.0,114667407
2.0,5098373
5.0,43616724
1.0,1613735
5.0,6100875
3.0,1366923
4.0,7105752
5.0,22747521
5.0,112338548
4.0,30403349
4.0,113823882
4.0,4810487
5.0,23503653
3.0,6078891
5.0,97414254
4.0,2481470
4.0,110707494
5.0,5859092
3.0,87407693
4.0,14519646
5.0,97512327
4.0,266521
3.0,25102010
3.0,107797154
5.0,15826106
3.0,31712855
4.0,9935747
5.0,94558682
,63951370
4.0,1409842
4.0,27830252
5.0,6754851
5.0,6308503
3.0,111492599
3.0,21074183
4.0,1176011
5.0,24504478
3.0,5431952
5.0,72180018
4.0,114685561
5.0,70729225
5.0,32496931
5.0,6732800
5.0,116245154
5.0,116063041
5.0,5334800
5.0,50334599
4.0,1258937
3.0,972794
5.0,112824228
4.0,5428233
4.0,13442468
2.0,83202640
2.0,5909955
5.0,18480292
3.0,15809527
5.0,195552903
5.0,100300320
4.0,70831923
4.0,39683899
3.0,112548483
5.0,103310244
5.0,18348982
5.0,114762832
5.0,40925722
4.0,44162700
5.0,20827893
4.0,17372036
5.0,54462221
5.0,761126
3.0,180241
,647191
5.0,1147634
5.0,1169804
4.0,300364
5.0,1028205
5.0,949883
5.0,1105308
5.0,580090
4.0,659923
3.0,1056992
5.0,1380554
,995753
5.0,66673
5.0,641915
4.0,386073
5.0,806969
,1502629
1.0,153560646
5.0,1397516
5.0,1495434
5.0,1632904
5.0,1657078
5.0,1661529
5.0,1700015
1.0,1727656
5.0,50448
1.0,85084
2.0,53329
4.0,1068337
4.0,983201
5.0,829035
5.0,446837
4.0,241479
5.0,314550
5.0,652969
5.0,68253
4.0,603246
1.0,418708
4.0,175272
3.0,145498
3.0,732347
5.0,178353
5.0,395578
5.0,1782096
4.0,394848
5.0,45923
4.0,392099
3.0,999233
3.0,282057
4.0,1507642
,1711160
4.0,23760
4.0,1891512
1.0,1417211
5.0,647187
4.0,1240634
5.0,1631950
4.0,74413
4.0,1581374
4.0,109889
5.0,125201
3.0,1162229
5.0,1714843
4.0,110415
4.0,1562307
5.0,1855423
5.0,1361816
5.0,122606
5.0,1216424
5.0,87147
5.0,1894763
4.0,1659834
4.0,345639
5.0,107333
4.0,1734843
4.0,1300229
5.0,140264
5.0,638504
5.0,77948
5.0,1889222
4.0,1808070
3.0,399231
4.0,822241
5.0,892128
,1176456
5.0,176163
4.0,1070693
5.0,1290506
4.0,217279
3.0,1587545
4.0,391384
5.0,1401069
4.0,1016802
5.0,1266248
5.0,1997871
4.0,489381
3.0,1723325
3.0,41584
3.0,1073146
3.0,396468
4.0,1288517
3.0,1703640
4.0,1252746
4.0,607169
4.0,391567
5.0,1165438
4.0,873570
5.0,681537
4.0,109021
4.0,1920992
5.0,126189
5.0,266794
4.0,2020688
3.0,742623
4.0,55783
4.0,1115804
5.0,1405123
4.0,1514259
5.0,1807929
5.0,1929140
4.0,876734
5.0,541490
5.0,399243
3.0,82752
3.0,91760
4.0,39811
4.0,1298343
4.0,1578420
3.0,1709983
5.0,1530348
3.0,378822
5.0,1710612
4.0,1123165
5.0,949050
4.0,1644412
,1531905
5.0,1967165
3.0,2053483
5.0,871024
,1496564
5.0,1447535
5.0,1597736
5.0,235385
5.0,1963217
4.0,1787252
5.0,752666
5.0,1188165
2.0,2021097
4.0,586094
5.0,398650
5.0,398239
5.0,41925
5.0,86145
3.0,2028832
5.0,975039
4.0,576562
4.0,649556
3.0,1944322
5.0,1959608
4.0,633929
5.0,1891947
5.0,2085913
3.0,76992
4.0,346859
5.0,2088677
4.0,1815319
3.0,1987388
3.0,369112
4.0,115590
5.0,1541020
5.0,1292669
4.0,807387
4.0,1077890
5.0,659087
4.0,289556
5.0,2047426
5.0,41490
5.0,1895248
5.0,2068615
4.0,241550
5.0,581104
5.0,1228752
4.0,1961032
2.0,858080
5.0,1985994
4.0,335000
4.0,1001835
3.0,1307157
5.0,2038272
4.0,1002389
5.0,32642
5.0,447802
4.0,1639115
4.0,933769
5.0,837309
4.0,1964044
,1071252
3.0,199512
3.0,1073553
5.0,1733957
5.0,1345243
4.0,35523
3.0,9305451
4.0,1225285
5.0,434450
,1517359
,828864
5.0,1508817
4.0,1274105
4.0,2126874
3.0,276331
3.0,1355202
5.0,1928892
5.0,215964
5.0,1970884
3.0,1712659
5.0,1317003
4.0,1722563
4.0,965497
4.0,930821
,2145846
3.0,2147106
4.0,847802
4.0,902532
3.0,638271
5.0,1747170
4.0,1968298
5.0,42873
4.0,196116
5.0,699845
4.0,2148037
5.0,60604
3.0,1460755
5.0,806003
3.0,2161743
5.0,1357880
2.0,108757
4.0,148566
2.0,920080
5.0,1526739
5.0,1080121
4.0,1644165
3.0,89505
4.0,1369649
4.0,191768
3.0,868723
4.0,2180532
5.0,1779792
4.0,395209
3.0,1420355
3.0,1769011
5.0,379992
5.0,726203
3.0,806026
5.0,1279072
5.0,1049883
5.0,311463
4.0,199675
3.0,1547655
5.0,75857
2.0,2142789
4.0,134076
5.0,1924514
4.0,2092806
3.0,394475
3.0,967007
3.0,1725642
4.0,1295673
3.0,1991013
3.0,938371
3.0,1786231
5.0,1497833
5.0,126995
5.0,1102082
,965450
5.0,65664
5.0,203364
4.0,1066511
4.0,20562
,1863010
5.0,309689
3.0,205321
3.0,2029069
5.0,30544
1.0,115323002
1.0,82316816
1.0,141740884
1.0,102032883
1.0,112929504
1.0,27984790
1.0,137926792
1.0,135085661
1.0,100466606
1.0,4805916
1.0,137105658
1.0,137089521
1.0,137015084
1.0,124690074
1.0,46883273
1.0,56194735
1.0,133603314
1.0,132758659
1.0,111077336
1.0,64873700
1.0,1296139261337
1.0,62292078
1.0,115186257
1.0,50875362
1.0,121985769
1.0,95633279
1.0,2340422
1.0,71727556
1.0,9695639
1.0,115158697
1.0,120468691
1.0,76272919
1.0,79951994
1.0,103963870
1.0,86081389
1.0,116607572
1.0,45416018
1.0,73951808
1.0,53552530
1.0,69099966
1.0,7240504
1.0,85516015
1.0,5814542
1.0,105887642
1.0,62678728
1.0,42321755
1.0,75314522
1.0,66519411
1.0,20928751
1.0,4535018
1.0,67310619
1.0,105755226
1.0,105396988
1.0,105384864
1.0,14937475
1.0,104982235
1.0,104882986
1.0,104760372
1.0,42258379
1.0,104685429
1.0,104570946
1.0,104359208
1.0,104292242
1.0,6218202
1.0,104198116
1.0,104073509
1.0,63622969
1.0,77800965
1.0,103768525
1.0,99415779
1.0,102666460
1.0,89303404
1.0,101940921
1.0,101356311
1.0,101321794
1.0,51268561
1.0,8691587
1.0,32330269
1.0,100762805
1.0,100470593
1.0,100347314
1.0,6334839
1.0,99829701
1.0,99682080
1.0,99563288
1.0,99460924
1.0,99428433
1.0,99405140
1.0,99400889
1.0,99305696
1.0,99160353
1.0,99125422
1.0,99021357
1.0,98992238
1.0,98918236
1.0,98882989
1.0,40631099
1.0,4730133
1.0,19980720
1.0,98058138
1.0,84635651
1.0,97880095
1.0,17297812
1.0,97545876
1.0,74897230
1.0,96272103
1.0,96224625
1.0,95869703
1.0,95789529
1.0,95735614
1.0,55650131
1.0,2186753
1.0,95035962
1.0,94764682
1.0,743848
1.0,942050523688
1.0,16847432
1.0,94024693
1.0,93966787
1.0,45361369
1.0,93723901
1.0,93611925
1.0,93495431
1.0,92627094
1.0,93296499
1.0,92934353
1.0,92821914
1.0,92511767
1.0,92457609
1.0,7957821
1.0,82679096
1.0,91916409
1.0,91853030
1.0,91726385
1.0,91296185
1.0,91634617
1.0,84043291
1.0,6447531
1.0,91276143
1.0,90910574
1.0,90829537
1.0,90740488
1.0,90612630
1.0,90456958
1.0,90431426
1.0,90341071
1.0,90329670
1.0,90217518
1.0,90154300
1.0,90031391
1.0,89913652
1.0,89688164
1.0,89619302
1.0,89603114
1.0,89601756
1.0,89393721
1.0,63683776
1.0,89164546
1.0,88888378
1.0,88717412
1.0,88726822
1.0,45314125
1.0,88641663
1.0,7189060
1.0,88624907
1.0,88621559
1.0,88599473
1.0,88541042
1.0,88430679
1.0,88334583
1.0,84908334
1.0,88028600
1.0,87866197
1.0,87835839
1.0,87790023
1.0,87397724
1.0,87234659
1.0,87179026
1.0,87065003
1.0,87031420
1.0,86997924
1.0,86945783
1.0,86940374
1.0,86860359
1.0,86797352
1.0,86695871
1.0,86266935
1.0,86484365
1.0,86456295
1.0,86273273
1.0,86265550
1.0,86259752173
1.0,2912910
1.0,86178153
1.0,85960289
1.0,85910827
1.0,60642445
1.0,85654166
1.0,69445717
1.0,10646708
1.0,14169281
1.0,85365589
1.0,85224071
1.0,85206882
1.0,68056937
1.0,13439094
1.0,85116098
1.0,50330438
1.0,84834091
1.0,84744491
1.0,27058353
1.0,84601424
1.0,84516262
1.0,84311203
1.0,84299656
1.0,84118694
1.0,27346951
1.0,84096206
1.0,84080771
1.0,84061033
1.0,84058452
1.0,83872850
1.0,83863131
1.0,83687359
1.0,83665331
1.0,83599604
1.0,83479640
1.0,46968608
1.0,83341828
1.0,82921379
1.0,82858268
1.0,46451413
1.0,82626167
1.0,82556867
1.0,82347713
1.0,82226827
1.0,47012345
1.0,63939319
1.0,81997729
1.0,81915081
1.0,66266734
1.0,5935731
1.0,81634426
1.0,81455913
1.0,81409714
1.0,40701330
1.0,81387638
1.0,81246573
1.0,81237017
1.0,29316212
1.0,81168373
1.0,81148831
1.0,81098428
1.0,81068594
1.0,80995390
1.0,80880988
1.0,80745507
1.0,80504538
1.0,80438260
1.0,4056211
1.0,80260101
1.0,2871868
1.0,80162920
1.0,80117709
1.0,13667100
1.0,80108473
1.0,79781583
1.0,79767038
1.0,79696174
1.0,74234387
1.0,79626134
1.0,79612592
1.0,79503278
1.0,52442711
1.0,63815721
1.0,78770563
1.0,78315137
1.0,78280962
1.0,78188080
1.0,78164822
1.0,78077388
1.0,9524838
1.0,77920787
1.0,77893120
1.0,77845828
1.0,77832731
1.0,77683459
1.0,73833040
1.0,77620381
1.0,77268494
1.0,838188
1.0,240798
1.0,1679200
1.0,1914747
1.0,2068694
1.0,1831628
1.0,879591
1.0,2251736
1.0,267547
1.0,2298781
1.0,742121
1.0,1530779
1.0,372836
1.0,1720911
1.0,1796620
1.0,1478778
1.0,2501632
1.0,2531440
1.0,1355093
1.0,2658329
1.0,2678649
1.0,1318480
1.0,2634409
1.0,2754632
1.0,1232694
1.0,909616
1.0,2287815
1.0,331993
1.0,922954
1.0,2990801
1.0,994325
1.0,1780615
1.0,176977
1.0,2051682
1.0,839792
1.0,3006876
1.0,2839178
1.0,3300728
1.0,2345658
1.0,3403268
1.0,237998
1.0,2777751
1.0,85937
1.0,3665928
1.0,930421
1.0,3757867
1.0,2215477
1.0,928056
1.0,2273046
1.0,2580266
1.0,1811502
1.0,3878203
1.0,3787802
1.0,28829
1.0,3991707
1.0,4125124
1.0,4105331
1.0,4332329
1.0,4350052
1.0,3339741
1.0,2748810
1.0,4400921
1.0,4530496
1.0,3169515
1.0,3800177
1.0,1209210
1.0,4839918
1.0,3257606
1.0,960317
1.0,4966106
1.0,1533911
1.0,5133595
1.0,5137673
1.0,3008905
1.0,4438382
1.0,1077952
1.0,5220723
1.0,5270012
1.0,4234631
1.0,5326002
1.0,5289798
1.0,1272028
1.0,5615725
1.0,5677405
1.0,5678622
1.0,4105631
1.0,3649937
1.0,5775142
1.0,3199356
1.0,5861169
1.0,5938234
1.0,5955996
1.0,6002766949
1.0,2881995
1.0,2225246
1.0,5875275
1.0,4374521
1.0,5382743
1.0,4162615
1.0,1666348
1.0,843783
1.0,6365428
1.0,4089872
1.0,4520992
1.0,2627503
1.0,3010281
1.0,6413433
1.0,6434335
1.0,6050665
1.0,2674898
1.0,5666971
1.0,3782577
1.0,3471999
1.0,6508055
1.0,6458741
1.0,6046454
1.0,6560124
1.0,6547878
1.0,6599909
1.0,6616231
1.0,6654868
1.0,6682586
1.0,6100101
1.0,6725872
1.0,5317525
1.0,6752358
1.0,2157344
1.0,5644387
1.0,736609
1.0,4110653
1.0,1435378
1.0,6248288
1.0,1206173
1.0,6784264
1.0,5508617
1.0,6551047
1.0,1772856
1.0,6956529
1.0,4234165
1.0,7020769
1.0,7029387
1.0,234533
1.0,822960
1.0,6582996
1.0,7054572
1.0,3603369
1.0,7075319
1.0,4855950
1.0,4544564
1.0,7195747
1.0,3619723
1.0,2452488
1.0,7214825
1.0,3320637
1.0,7190019
1.0,7237697
1.0,7197726
1.0,7261247
1.0,7263749
1.0,4755610
1.0,5882871
1.0,4125798
1.0,7307212
1.0,6318463
1.0,5269607
1.0,593762862
1.0,7429368
1.0,7374297
1.0,7198536
1.0,5150690
1.0,7532708
1.0,6724694
1.0,7339104
1.0,7555133
1.0,3508348
1.0,3778421
1.0,1917163
1.0,7588051
1.0,2464572
1.0,7605235
1.0,6635124
1.0,7616073
1.0,6480222
1.0,7672773
1.0,7688772
1.0,1944553
1.0,6752214
1.0,7842745
1.0,4184787
1.0,7882796
1.0,7895842
1.0,1081770
1.0,7923176
1.0,7944790
1.0,7972722
1.0,8088634
1.0,4487437
1.0,5597246
1.0,7342529
1.0,7914520
1.0,7061270
1.0,8098719
1.0,8226512
1.0,6485528
1.0,8240580
1.0,7493932
1.0,8248849
1.0,3000167
1.0,8414128
1.0,6520961
1.0,8518886
1.0,8539777
1.0,8646085
1.0,8515202
1.0,7350049
1.0,8675279
1.0,8778138
1.0,8779065
1.0,2601801
1.0,8805165
1.0,6509005
1.0,554354
1.0,4977771
1.0,2564342
1.0,9150654
1.0,9278071
1.0,9298411
1.0,9184505
1.0,3463104
1.0,9376099
1.0,8032259
1.0,7944646
1.0,9782941
1.0,9870884
1.0,9864706
1.0,9893192
1.0,1887310
1.0,8617021
1.0,7848718
1.0,3998105
1.0,10286653
1.0,10345610
1.0,10493927
1.0,10517306
1.0,4284363
1.0,10615899
1.0,5547313
1.0,10263451
1.0,7160031
1.0,10853088
1.0,4086737
1.0,10939399
1.0,10935862
1.0,8375551
1.0,11197436
1.0,11339570
1.0,7788081
1.0,4016097
1.0,10590792
1.0,11549245
1.0,10791284
1.0,11663703
1.0,8295238
1.0,2264050
1.0,11930242
1.0,7509137
1.0,12001627
1.0,6316003
1.0,7410905
1.0,12090474
1.0,8009906
1.0,3101555
1.0,11585661
1.0,4633543
1.0,8084975
1.0,12561253
1.0,12726641
1.0,7541061
1.0,4927043
1.0,7612027
1.0,5178740
1.0,8534836
1.0,3438293
1.0,13015333
1.0,8523940
1.0,13410141
1.0,13514858
1.0,13637646
1.0,11708038
1.0,13698213
1.0,13481260
1.0,7946743
1.0,8937367
2.0,17212002
2.0,144316765
2.0,144289651
2.0,1390454
2.0,64476369
2.0,143836274
2.0,142275517
2.0,142916961
2.0,43712972
2.0,143099282
2.0,118954513
2.0,4832103
2.0,110115037
2.0,96049721
2.0,76370141
2.0,10301285
2.0,141727490
2.0,109134527
2.0,141392689
2.0,98886511
2.0,121563757
2.0,33863062
2.0,73478593
2.0,65403505
2.0,129059496
2.0,74329296
2.0,108459011
2.0,65157559
2.0,138143673
2.0,3883396
2.0,80803909
2.0,134833795
2.0,8773287
2.0,13207108
2.0,7154035
2.0,136560837
2.0,116210778
2.0,127493022
2.0,80051550
2.0,6693480
2.0,134485729
2.0,111192896
2.0,127779344
2.0,120320922
2.0,5218341
2.0,96259575
2.0,98694640
2.0,133873014
2.0,133333816
2.0,9818295
2.0,7784930
2.0,7026254
2.0,121344551
2.0,10615713
2.0,69515914
2.0,1218428
2.0,86210575
2.0,20841132
2.0,5706847
2.0,5127291
2.0,47812996
2.0,28210578
2.0,129148071
2.0,116202332
2.0,86006397
2.0,82761109
2.0,129390861
2.0,129172237
2.0,129120847
2.0,118299862
2.0,29265812
2.0,128613011
2.0,27231749
2.0,128403211
2.0,56148532
2.0,127513642
2.0,127965747
2.0,127824260
2.0,15722320
2.0,83668737
2.0,120576104
2.0,104038238
2.0,63338338
2.0,124702937
2.0,118199043
2.0,51471638
2.0,100389493
2.0,60831502
2.0,9780757
2.0,119461486
2.0,64026150
2.0,7818164
2.0,19074
2.0,120689728
2.0,7266642
2.0,118569860
2.0,3928139
2.0,78246599
2.0,44439119
2.0,40488410
2.0,3030862
2.0,32293518
2.0,29056106
2.0,53157392
2.0,52078274
2.0,85774210
2.0,117384910
2.0,67062200
2.0,6313525
2.0,50761363
2.0,7383625
2.0,116757020
2.0,54152378
2.0,4696938
2.0,34051671
2.0,4181890
2.0,19345604
2.0,24854234
2.0,28369389
2.0,2536145
2.0,87417773
2.0,91130670
2.0,107397727
2.0,78875642
2.0,19012745
2.0,28980455
2.0,112382553
2.0,23248814
2.0,10183562
2.0,28855142
2.0,45220423
2.0,7196626
2.0,106976
2.0,41427477
2.0,63850480
2.0,72674790
2.0,28005652
2.0,16440179
2.0,58724594
2.0,50250498
2.0,109883109
2.0,33036372
2.0,7181674
2.0,100205197
2.0,82968824
2.0,4756826
2.0,91378454
2.0,5735965
2.0,73923977
2.0,107840722
2.0,8172099
2.0,104809837
2.0,17819406
2.0,105764960
2.0,9732895
2.0,105267211
2.0,105096756
2.0,10683522
2.0,104759485
2.0,52229875
2.0,104255075
2.0,19180590
2.0,11400258
2.0,17735927
2.0,8833797
2.0,103862661
2.0,103649265
2.0,103380882
2.0,103340328
2.0,566626
2.0,20689523
2.0,102767664
2.0,1302720
2.0,102612018
2.0,77454793
2.0,101728306
2.0,101637902
2.0,75308008
2.0,1315272
2.0,101435973
2.0,13520883
2.0,83765437
2.0,101044443
2.0,94755579
2.0,15514205
2.0,100534694
2.0,15185097
2.0,37506603
2.0,100311260
2.0,100277384
2.0,100069914
2.0,99945941
2.0,99869005
2.0,99848525
2.0,99792141
2.0,99740625
2.0,52581643
2.0,17561595
2.0,59695119
2.0,99460254
2.0,99456392
2.0,99437852
2.0,99436852
2.0,39695718
2.0,99335756
2.0,99170070
2.0,99128725
2.0,99110627
2.0,5967048
2.0,99065168
2.0,6293866
2.0,98969637
2.0,98956364
2.0,82178418
2.0,98718317
2.0,98637171
2.0,44719635
2.0,98486329
2.0,50394828
2.0,17441215
2.0,72980859
2.0,30332894
2.0,37144750
2.0,97682790
2.0,53495196
2.0,65234889
2.0,14696224
2.0,71705989
2.0,14886749
2.0,78845190
2.0,96352328
2.0,35716766
2.0,1011321
2.0,95901724
2.0,95862297
2.0,60439702
2.0,31253301
2.0,95594529
2.0,95474492
2.0,95404699
2.0,22463895
2.0,4485459
2.0,34334182
2.0,22077110
2.0,9509543224
2.0,95058755
2.0,94795586
2.0,94737735
2.0,94593974
2.0,94203227
2.0,94118028
2.0,94035863
2.0,79884133
2.0,81800773
2.0,93561319
2.0,31305756
2.0,20393970
2.0,630618
2.0,93349336
2.0,56390647
2.0,56961177
2.0,93094853
2.0,92908517
2.0,1331305
2.0,92689190
2.0,72741056
2.0,92153799
2.0,81950519
2.0,921438911
2.0,8721018
2.0,92084132
2.0,91905481
2.0,91863497
2.0,91700777
2.0,91663370
2.0,91624796
2.0,91426950
2.0,91302373
2.0,91208819
2.0,91157870
2.0,16564922
2.0,91067116
2.0,1365298
2.0,851951
2.0,995199
2.0,696031
2.0,1994521
2.0,1624363
2.0,2160109
2.0,845686
2.0,1088880
2.0,48102
2.0,2074552
2.0,202100
2.0,66700
2.0,1384927
2.0,2212991
2.0,7701824
2.0,2004478
2.0,236606
2.0,1248088
2.0,1395825
2.0,806235
2.0,1176223
2.0,1586973
2.0,1873877
2.0,1456538
2.0,1147728
2.0,2296171
2.0,224466
2.0,1029864
2.0,1972698
2.0,2714539
2.0,1717514
2.0,1035104
2.0,1274179
2.0,2786378
2.0,1221382
2.0,178154
2.0,2546387
2.0,2920602
2.0,2955165
2.0,2994569
2.0,3050181
2.0,373260
2.0,756462
2.0,3124352
2.0,3022382
2.0,91329
2.0,2551091
2.0,79554
2.0,3180976
2.0,3377905
2.0,3115468
2.0,2947702
2.0,1317843
2.0,1351124
2.0,3591949
2.0,2178074
2.0,917624
2.0,1356066
2.0,3681736
2.0,3672690
2.0,3657565
2.0,3701038
2.0,1806073
2.0,2616520
2.0,3082120
2.0,3890176
2.0,2009971
2.0,2456334
2.0,2574284
2.0,2524799
2.0,2591383
2.0,3938573
2.0,3394615
2.0,2310462
2.0,566863
2.0,2796628
2.0,1042359
2.0,3475538
2.0,2048433
2.0,975007
2.0,3582024
2.0,707290
2.0,4350013
2.0,4349953
2.0,3454693
2.0,4400221
2.0,4376311
2.0,4423163
2.0,3210132
2.0,4443085
2.0,1708848
2.0,3722723
2.0,4514068
2.0,1492029
2.0,4598894
2.0,4716924
2.0,2617182
2.0,4807931
2.0,2028906
2.0,4822205
2.0,4704258
2.0,4455240
2.0,4933353
2.0,4563186
2.0,1619124
2.0,5186568
2.0,1130376
2.0,5223517
2.0,5247139
2.0,5207632
2.0,1363722
2.0,5182251
2.0,5174986
2.0,117464
2.0,1885429
2.0,3436803
2.0,5254272
2.0,5338788
2.0,5141866
2.0,5157677
2.0,5375319
2.0,5423718
2.0,5282350
2.0,4394001
2.0,5254169
2.0,1980312
2.0,5470152
2.0,4890650
2.0,1043451
2.0,2050627
2.0,5539839
2.0,2839635
2.0,3429227
2.0,2372117
2.0,1637065
2.0,4615387
2.0,4423918
2.0,3954976
2.0,5080293
2.0,4724232
2.0,5759060
2.0,3867328
2.0,5803057
2.0,5431899
2.0,5852865
2.0,5870483
2.0,925510
2.0,84621
2.0,2039944
2.0,5947100
2.0,4493774
2.0,4468586
2.0,6154544
2.0,6064568
2.0,6162993
2.0,2899004
2.0,6222124
2.0,2703494
2.0,5697714
2.0,5968491
2.0,6314408
2.0,5108054
2.0,2339338
2.0,6329986
2.0,5849844
2.0,1268843
2.0,6349876
2.0,6350846
2.0,6355295
2.0,2545945
2.0,3003814
2.0,6368629
2.0,1390414
2.0,6386975
2.0,6387349
2.0,4842817
2.0,5438765
2.0,4612821
2.0,6424995
2.0,4196
2.0,6141659
2.0,913122
2.0,4787425
2.0,5892693
2.0,6455292
2.0,6466729
2.0,4557750
2.0,6480191
2.0,6277527
2.0,6455008
2.0,6487083
2.0,6521330
2.0,6301769
2.0,6552380
2.0,6262140
2.0,6604593
2.0,6623837
2.0,6161204
2.0,4840387
2.0,5046346
2.0,6654445
2.0,6662798
2.0,6667899
2.0,6351943
2.0,6396734
2.0,6718012
2.0,3569047
2.0,6739737
2.0,5568230
2.0,6760111
2.0,6338442
2.0,5980286
2.0,2395119
2.0,6781833
2.0,6808374
2.0,4904701
2.0,6820323
2.0,6778505
2.0,6845849
2.0,4391768
2.0,6310940
2.0,2493993
2.0,6752654
2.0,3824685
2.0,677158
2.0,6917425
2.0,6171800
2.0,6073373
2.0,6640956
2.0,6964168
2.0,5857059420
2.0,6985971
2.0,6712223
2.0,7001843
2.0,1560283
2.0,4085268
2.0,7033005
2.0,5935136
2.0,5460656
2.0,7062621
2.0,3441063
2.0,7068293
2.0,7070758
2.0,6217848
2.0,7100318
2.0,7107151
2.0,7048328
2.0,7114508
2.0,7117820
2.0,7130339
2.0,6888342
2.0,6231232
2.0,7144384
2.0,5925263
2.0,7167358
2.0,7181255
2.0,4867521
2.0,7186427
2.0,4765786
2.0,7193219
2.0,4476803
2.0,55293491
2.0,6159720
2.0,7195701
2.0,7209416
2.0,3404142
2.0,5884376
2.0,7034480
2.0,5180979
2.0,7263805
2.0,69177
2.0,856528
2.0,7296451
2.0,7321214
2.0,614701
2.0,5706135
2.0,7345114
2.0,7368304
2.0,1583579
2.0,2901213
2.0,7403615
2.0,5030902
2.0,7433557
2.0,7455182
2.0,7479921
2.0,6450420
2.0,7487155
2.0,6074000
3.0,144597323
3.0,9304523
3.0,98098691
3.0,56985111
3.0,143986167
3.0,135968109
3.0,145126902
3.0,138527223
3.0,145525725
3.0,132415458
3.0,9685894
3.0,145304678
3.0,3099158
3.0,27026253
3.0,144019514
3.0,103018385
3.0,65885285
3.0,143986968
3.0,30445444
3.0,128400859
3.0,65458130
3.0,17258835
3.0,84022599
3.0,51370014
3.0,142969713
3.0,6970830
3.0,38458047
3.0,143329926
3.0,75343596
3.0,80154928
3.0,85235479
3.0,142077641
3.0,142687273
3.0,33090234
3.0,68343488
3.0,103296027
3.0,16647260
3.0,72657484
3.0,123569636
3.0,142243065
3.0,66935978
3.0,5846965
3.0,141867063
3.0,141824644
3.0,25336108
3.0,108556932
3.0,134210466
3.0,35318279
3.0,11280858
3.0,3205412
3.0,88242263
3.0,1407838441338133198
3.0,17092425545
3.0,140638872
3.0,140594381
3.0,11300954
3.0,140415013
3.0,20232683
3.0,3800333
3.0,36983459
3.0,133016894
3.0,47870158
3.0,137015906
3.0,54138724
3.0,15036861
3.0,110434927
3.0,21892861
3.0,10560293
3.0,73190400
3.0,81490934
3.0,40415772
3.0,128092918
3.0,62738965
3.0,138640904
3.0,138205754
3.0,138590407
3.0,32845360
3.0,2309491
3.0,13207034
3.0,138308901
3.0,138312830
3.0,138282227
3.0,17061243
3.0,36140904
3.0,7460435
3.0,138043051
3.0,107583142
3.0,65132603
3.0,38203312
3.0,51541512
3.0,2735888
3.0,62401352
3.0,133465333
3.0,84692055
3.0,88990258
3.0,7405510
3.0,137361859
3.0,54630818
3.0,4233836
3.0,136842671
3.0,90468575
3.0,38133519
3.0,18075038
3.0,126978325
3.0,16169047
3.0,18197536
3.0,115321378
3.0,127770883
3.0,127681414
3.0,4142277
3.0,3442518
3.0,52073425
3.0,135725547
3.0,42595324
3.0,93631732
3.0,45437
3.0,89208089
3.0,17820823
3.0,127404544
3.0,20799795
3.0,135360369
3.0,110596106
3.0,3242834
3.0,135223958
3.0,135071780
3.0,33333871
3.0,40878030
3.0,19873018
3.0,72613632
3.0,46977264
3.0,134508267
3.0,134372141
3.0,83580264
3.0,134250893
3.0,10091585
3.0,14031981
3.0,2930724
3.0,13795863
3.0,24308706
3.0,60780416
3.0,128058831
3.0,71287260
3.0,120377963
3.0,133230320
3.0,126286269
3.0,91752005
3.0,36133120
3.0,88220318
3.0,132516888
3.0,15950642
3.0,69940938
3.0,112843938
3.0,109620871
3.0,132167648
3.0,35893677
3.0,82585309
3.0,43643223
3.0,120398929
3.0,130626471
3.0,131052258
3.0,14615141
3.0,130593809
3.0,130505027
3.0,130426877
3.0,128413006
3.0,130362590
3.0,119733898
3.0,130309436
3.0,22113594
3.0,130183349
3.0,15687069
3.0,129870161
3.0,78332998
3.0,3301092
3.0,23636217
3.0,129254549
3.0,98402625
3.0,107719993
3.0,128956152
3.0,128942489
3.0,128913572
3.0,123534757
3.0,128855247
3.0,128475179
3.0,128733678
3.0,63298980
3.0,108795131
3.0,1012553
3.0,93386226
3.0,121072764
3.0,128632797
3.0,9030597
3.0,39090258
3.0,128555850
3.0,128370577
3.0,14580613
3.0,87473700
3.0,104193756
3.0,117398363
3.0,128274444
3.0,53550162
3.0,51936077
3.0,71486264
3.0,27180175
3.0,128129926
3.0,114347194
3.0,127912134
3.0,127898411
3.0,127873540
3.0,127523583
3.0,111591679
3.0,127811522
3.0,46128017
3.0,127789567
3.0,122520050
3.0,127624355
3.0,107017717
3.0,705114552
3.0,78294079
3.0,127279081
3.0,20725788
3.0,8087385
3.0,72652550
3.0,15265736
3.0,72123817
3.0,114414511
3.0,15781638
3.0,32852628
3.0,116691327
3.0,103009741
3.0,125581504
3.0,125559737
3.0,124957820
3.0,10868519
3.0,87876613
3.0,36879247
3.0,117756275
3.0,75330467
3.0,68172684
3.0,123978949
3.0,96348766
3.0,82635487
3.0,57431860
3.0,109766392
3.0,6493412
3.0,2946034
3.0,20025847
3.0,50879169
3.0,23615322
3.0,48473338
3.0,95352388
3.0,91967704
3.0,19671589
3.0,122225997
3.0,66392406
3.0,8214378
3.0,7133419
3.0,121919522
3.0,118806536
3.0,116996174
3.0,23788645
3.0,121815065
3.0,84904003
3.0,69386643
3.0,121498726
3.0,403181
3.0,52538656
3.0,83256791
3.0,15128527
3.0,34910873
3.0,30794815
3.0,29850079
3.0,66186242
3.0,1041068
3.0,80258
3.0,1634196
3.0,1655897
3.0,1685258
3.0,1875778
3.0,1774960
3.0,2040
3.0,936102
3.0,832986
3.0,600657
3.0,1217173
3.0,812216
3.0,196640
3.0,611536
3.0,1190962
3.0,1088978
3.0,1895027
3.0,389214
3.0,2003965
3.0,857544
3.0,1548313
3.0,264333
3.0,90270
3.0,603732
3.0,1059215
3.0,1179769
3.0,1882850
3.0,190089
3.0,1314181
3.0,1321663
3.0,831949
3.0,2098914
3.0,333383
3.0,1509951
3.0,28431
3.0,61222
3.0,714179
3.0,237203
3.0,1255051
3.0,811070
3.0,44617
3.0,2140869
3.0,719217
3.0,1339150
3.0,264290
3.0,1951040
3.0,716621
3.0,2004742
3.0,1555606
3.0,214666
3.0,1800166
3.0,2031982
3.0,1698929
3.0,2219157
3.0,1538145
3.0,201666
3.0,1744836
3.0,1938483
3.0,143091
3.0,2244221
3.0,305492
3.0,1431151
3.0,1121573
3.0,1600600
3.0,1855659
3.0,111436
3.0,2281616
3.0,763805
3.0,2293635
3.0,1884259
3.0,124038
3.0,2214836
3.0,131016
3.0,1584211
3.0,1020437
3.0,740094
3.0,1062702
3.0,2100288
3.0,570929
3.0,2346838
3.0,2176544
3.0,1559733
3.0,2363409
3.0,1696689
3.0,2369826
3.0,1825597
3.0,1953876
3.0,811561
3.0,2279830
3.0,2107686
3.0,1499910
3.0,1077243
3.0,308471
3.0,2392789
3.0,2307066
3.0,2400015
3.0,240652583
3.0,1024946
3.0,566405
3.0,1728472
3.0,334273
3.0,1013684
3.0,1487144
3.0,1994847110
3.0,1229823
3.0,1885246
3.0,288297
3.0,301366
3.0,2458780
3.0,845495
3.0,2437704
3.0,1690847
3.0,1883086
3.0,664242
3.0,2511160
3.0,2517763
3.0,819178
3.0,1765394
3.0,2562657
3.0,445420
3.0,2592010
3.0,2440403
3.0,2609642
3.0,271153
3.0,740688
3.0,426722
3.0,569962
3.0,18029
3.0,1469712
3.0,32981
3.0,261685
3.0,1037651
3.0,2672480
3.0,1140610
3.0,2665815
3.0,1536162
3.0,2219344
3.0,2726517
3.0,2747238
3.0,2423177
3.0,614749
3.0,2785344
3.0,2477392
3.0,2793072
3.0,2427465
3.0,391813
3.0,2846296
3.0,2685842
3.0,1372034
3.0,2899217
3.0,2437357
3.0,891348
3.0,1163731
3.0,2960136
3.0,764658
3.0,2179561
3.0,2482138
3.0,3003976
3.0,3013241
3.0,3015839
3.0,1661630
3.0,1522472
3.0,3031041
3.0,936975
3.0,1856766
3.0,831090
3.0,2529497
3.0,131560
3.0,2320285
3.0,2057529
3.0,2924611
3.0,3159607
3.0,199207
3.0,2547491
3.0,877148
3.0,2081757
3.0,1005529
3.0,3177289
3.0,1753152
3.0,93167
3.0,3281174
3.0,3117444
3.0,336507
3.0,1437254
3.0,3336919
3.0,2697916
3.0,3204997
3.0,3218874
3.0,238451
3.0,972254
3.0,1373366
3.0,414887
3.0,905383
3.0,602210
3.0,2794520
3.0,3349937
3.0,3189003
3.0,2775572
3.0,3439525
3.0,1683387
3.0,976793
3.0,3512107
3.0,1202301
3.0,3098228
3.0,3463519
3.0,3550877
3.0,3571317
3.0,766754
3.0,3498592
3.0,3455875
3.0,3619316
3.0,3630516
3.0,2352950
3.0,3125572
3.0,3647394
3.0,3660182
3.0,3662889
3.0,2288155
3.0,3139649
3.0,150930
3.0,3687656
3.0,2869578
3.0,3665970
3.0,3589873
3.0,2920215
3.0,2022949
3.0,3099715
3.0,842569
3.0,3769757
3.0,176470
3.0,2432251
3.0,3718906
3.0,1655378
3.0,2429264
3.0,1607230
3.0,3850385
3.0,3853548
3.0,3284904
3.0,3111333
3.0,1741701
3.0,3870491
3.0,371310
3.0,2758455
3.0,2587084
3.0,313190
3.0,3947795
4.0,128721812
4.0,145986215
4.0,145337294
4.0,128277306
4.0,8727091
4.0,9855326
4.0,23548329
4.0,145877696
4.0,144839604
4.0,145805839
4.0,108537156
4.0,138630850
4.0,1312038631404
4.0,64302923
4.0,26726604
4.0,93907557
4.0,139585730
4.0,52516546
4.0,138696244
4.0,145137907
4.0,9684927
4.0,145244130
4.0,125031988
4.0,123492149
4.0,145330705
4.0,145324003
4.0,131911004
4.0,103932026
4.0,16396935
4.0,1867201
4.0,144942122
4.0,10498691
4.0,141192002
4.0,141358672
4.0,132384229
4.0,108420754
4.0,1502407
4.0,13126594
4.0,20126989
4.0,37777283
4.0,115019278
4.0,22193969
4.0,141137712
4.0,49677653
4.0,143669903
4.0,143370968
4.0,119616560
4.0,23194871
4.0,66905149
4.0,144141053
4.0,95020052
4.0,142510491
4.0,920207
4.0,144080852
4.0,142643236
4.0,137219844
4.0,127897506
4.0,66823403
4.0,70828429
4.0,49630255
4.0,143672330
4.0,143497619
4.0,143065869
4.0,7405524
4.0,1065073
4.0,129188130
4.0,141740896
4.0,2797555
4.0,124578295
4.0,116188560
4.0,120923062
4.0,143131021
4.0,71046697
4.0,66011734
4.0,22888442
4.0,142207301
4.0,135433799
4.0,118204801
4.0,142678895
4.0,90395215
4.0,116531111
4.0,32256126
4.0,53942863
4.0,142305194
4.0,128512778
4.0,42971384
4.0,69988975
4.0,120586581
4.0,39377799
4.0,141830860
4.0,118210107
4.0,91451958
4.0,141654334
4.0,115560196
4.0,48996353
4.0,97482961
4.0,12262403
4.0,137189494
4.0,39670083
4.0,25665981
4.0,117884924
4.0,140814501
4.0,59492325
4.0,140809468
4.0,5575369
4.0,6241227
4.0,128950456
4.0,136485441
4.0,133484944
4.0,128718563
4.0,73932211
4.0,58513471
4.0,42421097
4.0,83221966
4.0,139938731
4.0,34563221
4.0,7304014
4.0,139902127
4.0,127782788
4.0,88003270
4.0,137248805
4.0,37282335
4.0,30508042
4.0,30101488
4.0,77174640
4.0,119169790
4.0,134353058
4.0,24528993
4.0,71738946
4.0,64280741
4.0,139160412
4.0,127025526
4.0,138684737
4.0,139067115
4.0,107317336
4.0,98972874
4.0,138881831
4.0,138871633
4.0,6268288
4.0,96444164
4.0,138714041
4.0,7663501
4.0,138519929
4.0,107933903
4.0,65714243
4.0,138476973
4.0,90925612
4.0,68849720
4.0,138439588
4.0,134854136
4.0,2812178
4.0,138346868
4.0,42241356
4.0,2845065
4.0,130014518
4.0,118640100
4.0,136721373
4.0,35992682
4.0,137814579
4.0,138008864
4.0,23111208
4.0,88661983
4.0,4694211
4.0,9816020017
4.0,6673037
4.0,137845188
4.0,90822468
4.0,131119046
4.0,64618748
4.0,137742410
4.0,137705524
4.0,137650558
4.0,136734663
4.0,90679430
4.0,1303769
4.0,1373778503
4.0,84517707
4.0,101235625
4.0,118336088
4.0,137199999
4.0,9730803
4.0,26230578
4.0,37269268
4.0,87862901
4.0,112819526
4.0,10840017
4.0,130926597
4.0,5310327
4.0,136665014
4.0,15940355
4.0,136637570
4.0,136476119
4.0,91661210
4.0,87466473
4.0,136353832
4.0,135405063
4.0,136191207
4.0,5662199
4.0,71966724
4.0,108723863
4.0,133757101
4.0,46718851
4.0,59204580
4.0,129610452
4.0,61789282
4.0,94587729
4.0,5133025
4.0,24465949
4.0,135577261
4.0,66403329
4.0,70216058
4.0,131209872
4.0,100727819
4.0,135413908
4.0,51471142
4.0,80092567
4.0,60393663
4.0,130651109
4.0,64715070
4.0,16162044
4.0,45338255
4.0,134576179
4.0,134638478
4.0,57665961
4.0,134957644
4.0,11896007
4.0,5678838
4.0,98606664
4.0,134684592
4.0,106225655
4.0,110506177
4.0,120311656
4.0,37511744
4.0,134282638
4.0,84126521
4.0,112273863
4.0,94700516
4.0,54364851
4.0,128492455
4.0,19852623
4.0,94782057
4.0,16751909
4.0,10215967
4.0,62343791
4.0,133618390
4.0,18616675
4.0,350024
4.0,102095826
4.0,77036906
4.0,133337522
4.0,108137921
4.0,53680883
4.0,114754518
4.0,28830141
4.0,110782726
4.0,62269447
4.0,132874581
4.0,126253501
4.0,85901602
4.0,107638399
4.0,62671920
4.0,39572241
4.0,63856319
4.0,127140261
4.0,11550299
4.0,132374751
4.0,91500843
4.0,132335330
4.0,129520872
4.0,132270537
4.0,21902697
4.0,59927674
4.0,38786180
4.0,130413401
4.0,125087
4.0,924835
4.0,947182
4.0,222140268
4.0,221287
4.0,1046084
4.0,1210517
4.0,1236663
4.0,894462
4.0,301699
4.0,1713947
4.0,1011208
4.0,376503
4.0,48074
4.0,1781284
4.0,836167
4.0,1854102
4.0,284188
4.0,59720
4.0,88025
4.0,958081
4.0,1880097
4.0,215048
4.0,176520
4.0,661150
4.0,778521
4.0,1922544
4.0,1711748
4.0,680178
4.0,622206
4.0,930315
4.0,915726
4.0,1193675
4.0,21055
4.0,418095
4.0,1858819
4.0,351357
4.0,285266
4.0,1236786
4.0,1350957
4.0,844574
4.0,632959
4.0,1059025
4.0,796384
4.0,1308716
4.0,79994923
4.0,577976
4.0,1896151
4.0,1083438
4.0,241834
4.0,2064544
4.0,2053406
4.0,2079914
4.0,232893
4.0,1739337
4.0,326269
4.0,75223
4.0,2105254
4.0,2105907
4.0,2094067
4.0,341544
4.0,1863380
4.0,563676
4.0,1006461
4.0,1652909
4.0,1187958
4.0,264714
4.0,1225978
4.0,1878678
4.0,1993629
4.0,1343479
4.0,611251
4.0,1242633
4.0,2157722
4.0,128477
4.0,1469061
4.0,1263221
4.0,2142435
4.0,1296057
4.0,2170594
4.0,246872
4.0,1063380
4.0,402645
4.0,1202136
4.0,1040537
4.0,1626781
4.0,568969
4.0,824436
4.0,2154635
4.0,1068480
4.0,392270
4.0,1856273
4.0,1498596
4.0,1062290
4.0,219086
4.0,108590
4.0,87425
4.0,51321
4.0,2236664
4.0,905998
4.0,2151752
4.0,1989524
4.0,51647
4.0,816381
4.0,1695825
4.0,1862061
4.0,2184483
4.0,2165372
4.0,857658
4.0,178320
4.0,706630
4.0,276844
4.0,2264389
4.0,1735156
4.0,1253753
4.0,402878
4.0,1630690
4.0,77445
4.0,2297132
4.0,688928
4.0,1235147
4.0,1060755
4.0,66606
4.0,1029739
4.0,2092484
4.0,2207538
4.0,2265228
4.0,781368
4.0,1819763
4.0,1651441
4.0,2214260
4.0,1103829
4.0,1761261
4.0,821868
4.0,966823
4.0,1201039
4.0,1398240
4.0,1596346
4.0,573141
4.0,1071691
4.0,404400
4.0,27804
4.0,54666
4.0,1344393
4.0,1675750
4.0,1028681
4.0,1392101
4.0,911019
4.0,2196411
4.0,1644578
4.0,1010754
4.0,2030013
4.0,2350878
4.0,1063400
4.0,963933
4.0,129682
4.0,2396417
4.0,2386004
4.0,900711
4.0,2413990
4.0,802978
4.0,1801226
4.0,906716
4.0,843973
4.0,1034904
4.0,998157
4.0,2118443
4.0,1145657
4.0,2142981
4.0,2209776
4.0,1680324
4.0,2060027
4.0,1673447
4.0,1421321
4.0,1259440
4.0,927442
4.0,405949
4.0,810922
4.0,741383
4.0,2393101
4.0,1016770
4.0,20481759
4.0,225246
4.0,636654
4.0,2270915
4.0,1512038
4.0,1294118
4.0,839293
4.0,1069925
4.0,2447010
4.0,899549
4.0,2482087
4.0,1816671
4.0,1849075
4.0,243083
4.0,1948720
4.0,246827
4.0,1650441
4.0,2522524
4.0,2522435
4.0,2523212
4.0,1608850
4.0,1063276
4.0,269945
4.0,1689879
4.0,1816241
4.0,1277951
5.0,146094681
5.0,130699755
5.0,140069040
5.0,92689433
5.0,4617503
5.0,145209442
5.0,128119598
5.0,59133611
5.0,145873230
5.0,128703282
5.0,131289286
5.0,22591818
5.0,132243263
5.0,48652174
5.0,145771667
5.0,145754818
5.0,112576334
5.0,54631782
5.0,145647959
5.0,138402029
5.0,145609054
5.0,121143211
5.0,136824559
5.0,83583793
5.0,145521973
5.0,145508842
5.0,145477861
5.0,145454662
5.0,145430688
5.0,142736644
5.0,145363139
5.0,145163322
5.0,45678790
5.0,145328576
5.0,145299758
5.0,7344314
5.0,145131668
5.0,145265040
5.0,145237307
5.0,128776667
5.0,86454216
5.0,145062687
5.0,145061678
5.0,145021856
5.0,42907514
5.0,145011754
5.0,145003255
5.0,137723693
5.0,103878822
5.0,28340890
5.0,144953907
5.0,129142573
5.0,144941471
5.0,38508529
5.0,127677380
5.0,144868987
5.0,144850257
5.0,144808515
5.0,29876287
5.0,137028121
5.0,116966675
5.0,144372941
5.0,126629975
5.0,143732894
5.0,144315052
5.0,58558295
5.0,70846102
5.0,8119866
5.0,109318511
5.0,106113696
5.0,143998227
5.0,143991651
5.0,143950815
5.0,58469340
5.0,9908646
5.0,95245394
5.0,139662719
5.0,141919366
5.0,53975907
5.0,99686345
5.0,143691643
5.0,143673957
5.0,4144714
5.0,103219950
5.0,79595057
5.0,143547083
5.0,125332787
5.0,41740445
5.0,93244190
5.0,26069095
5.0,133329761
5.0,138905649
5.0,35507056
5.0,34688835
5.0,4244224
5.0,141830544
5.0,138424401
5.0,143188917
5.0,142910601
5.0,107076290
5.0,143092448
5.0,143064528
5.0,142985813
5.0,3297766
5.0,56560611
5.0,127478473
5.0,142957640
5.0,142882850
5.0,142813984
5.0,29180401
5.0,18690211
5.0,58966787
5.0,93727050
5.0,140773319
5.0,142394539
5.0,138106062
5.0,142596592
5.0,108432806
5.0,99748708
5.0,16446677
5.0,142510134
5.0,61353971
5.0,58911673
5.0,88754462
5.0,141613523
5.0,136195305
5.0,134080452
5.0,103086434
5.0,118747521
5.0,64128189
5.0,28766210
5.0,132271478
5.0,141348771
5.0,141918294
5.0,139188080
5.0,21375883
5.0,138235954
5.0,59725046
5.0,99058013
5.0,141738222
5.0,141682663
5.0,98180625
5.0,36249847
5.0,66771928
5.0,34871393
5.0,141488611
5.0,135657124
5.0,9311878
5.0,11684711
5.0,141351451
5.0,127637450
5.0,111680080
5.0,16949033
5.0,122480555
5.0,96541708
5.0,139956747
5.0,78593555
5.0,90688907
5.0,134790859
5.0,88046514
5.0,141040129
5.0,140699262
5.0,140987521
5.0,105505570
5.0,5355703
5.0,127681603
5.0,140849938
5.0,140806485
5.0,19195397
5.0,140611586
5.0,127464972
5.0,129778393
5.0,33109707
5.0,140592465
5.0,140546711
5.0,10145285
5.0,84725113
5.0,84627224
5.0,138128887
5.0,33817032
5.0,90020699
5.0,10580069
5.0,61677549
5.0,140402603
5.0,3112505
5.0,140346858
5.0,140339070
5.0,3732142
5.0,140289706
5.0,119551184
5.0,63499121
5.0,79281528
5.0,88048042
5.0,104876358
5.0,31165731
5.0,139944851
5.0,139229207
5.0,137645885
5.0,39060035
5.0,16917653
5.0,27667719
5.0,6986688
5.0,42054480
5.0,28783580
5.0,136940674
5.0,41918694
5.0,138180854
5.0,91068756
5.0,27155321
5.0,119073592
5.0,42725678
5.0,139361785
5.0,139265708
5.0,9289213
5.0,7327639
5.0,18055349
5.0,139267323
5.0,84022792
5.0,135146796
5.0,4205970
5.0,139124606
5.0,137922236
5.0,139090502
5.0,139056309
5.0,139042081
5.0,2800524
5.0,127874302
5.0,20005210
5.0,138832153
5.0,134674757
5.0,138885822
5.0,33193641
5.0,109289147
5.0,69534323
5.0,107989210
5.0,32044093
5.0,136903330
5.0,11171312
5.0,138768530
5.0,18978766
5.0,138730010
5.0,79152355
5.0,129979053
5.0,138691643
5.0,110463010
5.0,138658405
5.0,29421820
5.0,127582231
5.0,138590740
5.0,137538372
5.0,138458543
5.0,135968076
5.0,138467352
5.0,5383016
5.0,7778090
5.0,45553722
5.0,138422913
5.0,138414284
5.0,138382548
5.0,47839624
5.0,92391881
5.0,138343354
5.0,132718568
5.0,2821379
5.0,136343398
5.0,128443735
5.0,117875706
5.0,13829297106
5.0,129503627
5.0,100825581
5.0,23843
5.0,299418
5.0,328515
5.0,447739
5.0,603324
5.0,603753
5.0,683065
5.0,687461
5.0,717415
5.0,736987
5.0,740890
5.0,765278
5.0,765540
5.0,808177
5.0,818565
5.0,1094570
5.0,1185207
5.0,1302017
5.0,1329425
5.0,1393207
5.0,1319572
5.0,1424277
5.0,1307307
5.0,26073
5.0,817550
5.0,1445796
5.0,428846
5.0,1547947
5.0,1612191
5.0,854703
5.0,1446018
5.0,1028829
5.0,1705820
5.0,1730586
5.0,930983
5.0,1730845
5.0,601119
5.0,1718583
5.0,1656055
5.0,1635591
5.0,1674550
5.0,966933
5.0,1828007
5.0,1077687
5.0,27956
5.0,1703490
5.0,1876923
5.0,592181
5.0,71693
5.0,247666
5.0,991156
5.0,53974
5.0,1951909
5.0,1238333
5.0,1234540
5.0,1077844
5.0,222886
5.0,129632
5.0,1147290
5.0,1720582
5.0,88440
5.0,889177
5.0,1531783
5.0,580431
5.0,1959912
5.0,832573
5.0,1977235
5.0,1854200
5.0,652046
5.0,110630
5.0,403847
5.0,1127707
5.0,1992857
5.0,256978
5.0,844070
5.0,1955967
5.0,1407535
5.0,1625328
5.0,1756366
5.0,2031063
5.0,2009089
5.0,33111
5.0,1918919
5.0,1696621
5.0,1607281
5.0,108279
5.0,1958138
5.0,2055574
5.0,2058655
5.0,2015350
5.0,1387901
5.0,111440313
5.0,2078281
5.0,597546
5.0,2088192
5.0,1682014
5.0,1653118
5.0,949556
5.0,945126
5.0,2080240
5.0,334622
5.0,986586
5.0,1642817
5.0,930509
5.0,647991
5.0,2088933
5.0,336736
5.0,41539
5.0,1257548
5.0,2107835
5.0,1993617
5.0,2092827
5.0,600676
5.0,2051100
5.0,1130142
5.0,2000212
5.0,2000288
5.0,1137572
5.0,2144879
5.0,959251
5.0,893573
5.0,960484
5.0,1002805
5.0,967999
5.0,1038555
5.0,1734773
5.0,2134060
5.0,84417
5.0,2162343
5.0,2022914
5.0,275814
5.0,32003
5.0,1612603
5.0,313058
5.0,1784536
5.0,176510
5.0,1576204
5.0,2079392
5.0,2027443
5.0,245360
5.0,939330
5.0,1901499
5.0,286983
5.0,2188436
5.0,107824
5.0,1995632
5.0,1146723
5.0,648678
5.0,2193697
5.0,622682
5.0,1050031
5.0,957747
5.0,1251215
5.0,880594
5.0,753745
5.0,1692727
5.0,1937472
5.0,1999623
5.0,1155230
5.0,2058873
5.0,1571315
5.0,2211282
5.0,588677
5.0,965729
5.0,1547790
5.0,1263814
1.0,15416979
1.0,38698518
1.0,28386116
1.0,7449571
1.0,14130853
1.0,1278262
1.0,47273713
1.0,1193145
1.0,19346652
1.0,22902235
1.0,53110073
1.0,7028896
1.0,39093008
1.0,42199053
1.0,22237668
1.0,10092190
1.0,8967930
1.0,29263075
1.0,4957865
1.0,11371422
1.0,17872423
1.0,18551906
1.0,7365683
1.0,10345435
1.0,3098673
1.0,4894078
1.0,7800757
1.0,36605039
1.0,25033905
1.0,7371301
1.0,3017177
1.0,7909304
1.0,4790888
1.0,22221104
1.0,27576241
1.0,16408387
1.0,7112860
1.0,351125
1.0,5312756
1.0,8863036
1.0,11628898
1.0,9373633
1.0,22838910
1.0,4560953
1.0,4151160
1.0,4402801
1.0,43849836
1.0,15929468
1.0,13028438
1.0,17700704
1.0,9342954
1.0,80510
1.0,1783814
1.0,50891856
1.0,61550511
1.0,47984167
1.0,4503602
1.0,7012183
1.0,28034941
1.0,68964618
1.0,39127322
1.0,1559697407
1.0,51079362
1.0,67799103
1.0,7345397
1.0,51011727
1.0,50905698
1.0,41991148
1.0,44059110
1.0,5856204
1.0,41735792
1.0,52838972
1.0,30473596
1.0,56284091
1.0,18365348
1.0,22589875
1.0,45347145
1.0,55507552
1.0,47204171
1.0,28042786
1.0,20754590
1.0,37982852
1.0,47180311
1.0,27632759
1.0,929132
1.0,23711420
1.0,39655842
1.0,76261744
1.0,23673066
1.0,46579419
1.0,41024916
1.0,22290189
1.0,30386690
1.0,1704791
1.0,14881277
1.0,29725828
1.0,42526634
1.0,10955122
1.0,55435137
1.0,13990515
1.0,4391694
1.0,9691269
1.0,6743548
1.0,17012784
1.0,16343839
1.0,32421467
1.0,55608855
1.0,46483581
1.0,12658995
1.0,32046362
1.0,42003085
1.0,42620452
1.0,6600205
1.0,55795301
1.0,36818703
1.0,21615734
1.0,32303898
1.0,22083744
1.0,75177674
1.0,28925580
1.0,52440204
1.0,31498822
1.0,23101320
1.0,50732893
1.0,54314395
1.0,38989897
1.0,16372018
1.0,33736454
1.0,47598665
1.0,38174745
1.0,33030841
1.0,29777422
1.0,3205505122
1.0,48444573
1.0,32106090
1.0,33429801
1.0,35627153
1.0,51208780
1.0,28726305
1.0,32278651
1.0,28219060
1.0,55615846
1.0,41054734
1.0,42485651
1.0,16920145
1.0,56662665
1.0,8785633
1.0,28538071
1.0,32434618
1.0,33199292
1.0,33513633
1.0,75066874
1.0,61572496
1.0,27365335
1.0,24899471
1.0,13830599
1.0,20775751
1.0,19419819
2.0,52866584
2.0,19838978
2.0,3498889
2.0,37025883
2.0,1487236
2.0,20063790
2.0,3849889
2.0,22650317
2.0,1389748
2.0,7218669
2.0,8707630
2.0,31247639
2.0,4379747
2.0,13801365
2.0,4676971
2.0,4356867
2.0,3615945
2.0,15885750
2.0,2455252
2.0,17782995
2.0,59187890
2.0,7586081
2.0,1712562
2.0,3628969
2.0,31037758
2.0,115626
2.0,3361474
2.0,48968987
2.0,5790437
2.0,40396137
2.0,1962503
2.0,6979777
2.0,7621870
2.0,4617391
2.0,17750519
2.0,7356613
2.0,22579621
2.0,3842007
2.0,16721748
2.0,10336770
2.0,26172446
2.0,6001890
2.0,30049017
2.0,27291448
2.0,859860
2.0,979447
2.0,6090460
2.0,8486911
2.0,3036181
2.0,877000
2.0,3587570
2.0,4921436
2.0,15223509
2.0,29530424
2.0,18313879
2.0,41738227
2.0,2619922
2.0,39216791
2.0,220465977
2.0,57257388
2.0,11087982
2.0,10523116
2.0,1976442
2.0,3786500
2.0,5522178
2.0,7305318
2.0,48852394
2.0,3508200
2.0,9444672
2.0,38753441
2.0,2072674
2.0,32940814
2.0,8064968
2.0,52502129
2.0,8957446
2.0,7054440
2.0,774492
2.0,2140684
2.0,5555407
2.0,5564725
2.0,4575627
2.0,22786885
2.0,7259748
2.0,55770950
2.0,19459101
2.0,2438470
2.0,4065215
2.0,13455003
2.0,7564436
2.0,2103443
2.0,864041
2.0,4402730
2.0,896588
2.0,4445654
2.0,1873331
2.0,27722467
2.0,5868885
2.0,25677047
2.0,595835
2.0,5385390
2.0,8643047
2.0,9749892
2.0,4586632
2.0,3015560
2.0,1570447
2.0,33143537
2.0,7549694
2.0,1339846
2.0,2355311
2.0,30601872
2.0,9822577
2.0,10397046
2.0,17436152
2.0,1929267
2.0,15400006
2.0,1305402
2.0,6035315
2.0,15317438
2.0,34841505
2.0,26953331
2.0,8253090
2.0,9736378
2.0,3278334
2.0,4923023
2.0,11028530
2.0,12479874
2.0,23038758
2.0,75880074
2.0,8502601
2.0,16666580
2.0,29978489
2.0,5482811
2.0,213910
2.0,28642174
2.0,317146
2.0,2711152
2.0,23888442
2.0,20674909
2.0,400197
2.0,4566169
2.0,1000147
2.0,19143936
2.0,7562390
2.0,25121958
2.0,10144333
2.0,56295405
2.0,13927640
2.0,7249451
2.0,10700348
2.0,1944139
2.0,25289455
2.0,22235494
2.0,3055360
2.0,11388260
2.0,8877824
2.0,10341296
2.0,31003535
2.0,5812870
2.0,1132700
2.0,13271881
2.0,25053812
2.0,18884428
2.0,67074707
2.0,7667829
2.0,15643709
2.0,1674010
2.0,10797678
2.0,19750791
2.0,3919723
2.0,42984792
2.0,20607190
2.0,88693759
2.0,69637265
2.0,51451345
2.0,11291646
2.0,85099767
2.0,7923386
2.0,14603182
2.0,23224204
2.0,23892817
2.0,38144999
2.0,8134557
2.0,63946981
2.0,14595727
2.0,90913758
2.0,28415002
2.0,6994431
3.0,20487738
3.0,24224307
3.0,4349493
3.0,46607911
3.0,2835464
3.0,45499918
3.0,6129622
3.0,29779942
3.0,14022277
3.0,25860981
3.0,6186603
3.0,11183856
3.0,15872406
3.0,21656454
3.0,14145399
3.0,3336922
3.0,8460201
3.0,21715922
3.0,3048260
3.0,9955253
3.0,15999633
3.0,85343914
3.0,1884967
3.0,7391803
3.0,7364359
3.0,6830173
3.0,3888931
3.0,2963923
3.0,1836077
3.0,2329228
3.0,6679618
3.0,4386752
3.0,2990723
3.0,3334048
3.0,2513987
3.0,21976419
3.0,33429289
3.0,5591980
3.0,33667800
3.0,4614664
3.0,1137693
3.0,45607156
3.0,31031742
3.0,59913756
3.0,11351200
3.0,7034410
3.0,55757538
3.0,30679520
3.0,10108650
3.0,2296903
3.0,108121858
3.0,21619434
3.0,32803116
3.0,15728062
3.0,41621486
3.0,4847123
3.0,14638308
3.0,13588748
3.0,5663034
3.0,280049
3.0,304348205
3.0,5277659
3.0,4795923
3.0,15480684
3.0,794432
3.0,8572258
3.0,5239575
3.0,8109706
3.0,58812915
3.0,17112913
3.0,3193958
3.0,13043840
3.0,2327756
3.0,5285904
3.0,8722146
3.0,3803299
3.0,849321
3.0,28847468
3.0,28121727
3.0,2665969
3.0,4797110
3.0,23166854
3.0,7359586
3.0,28902205
3.0,22789191
3.0,1467942
3.0,1271115
3.0,2987388
3.0,30464687
3.0,16549372
3.0,15447157
3.0,42068208
3.0,19444169
3.0,6024850
3.0,20043570
3.0,10012866
3.0,822551
3.0,29685178
3.0,1757736
3.0,4639089
3.0,2656118
3.0,64059783
3.0,15893444
3.0,7068970
3.0,2845518
3.0,69553463
3.0,43065256
3.0,7557616
3.0,22089330
3.0,42716643
3.0,172417
3.0,9840483
3.0,1741667
3.0,79659234
3.0,17550624
3.0,6719657
3.0,1058295
3.0,15883591
3.0,58996554
3.0,20675057
3.0,16931788
3.0,84868957
3.0,63293120
3.0,11271212
3.0,167391
3.0,31539953
3.0,1322431
3.0,137868
3.0,3616892
3.0,7541652
3.0,47092755
3.0,25222284
3.0,5856235
3.0,4280791
3.0,28119247
3.0,5402435
3.0,966144
3.0,7686504
3.0,11097407
3.0,20467767
3.0,1962834
3.0,290906
3.0,101491938
3.0,5922206
3.0,5030354
3.0,14803432
3.0,904736
3.0,10606183
3.0,30128542
3.0,13775126
3.0,40844973
3.0,19124591
3.0,21866351
3.0,44224609
3.0,86106805
3.0,38517283
3.0,13035516
3.0,34527701
3.0,8993896
3.0,7657723
3.0,23150956
3.0,38694744
3.0,7446823
3.0,12047133
3.0,58208567
3.0,27538896
3.0,1703119702
3.0,11643493
3.0,57780922
3.0,42089406
3.0,61998101
3.0,8917592
3.0,64099040
3.0,63361843
3.0,5764051
3.0,25366730
3.0,57125717
3.0,100160303
3.0,87293
3.0,52562506
3.0,3288965
3.0,1639329
3.0,13685443
3.0,4646665
3.0,3582030
3.0,3943159
3.0,6105621
3.0,5521491
3.0,2327196
3.0,1867541
3.0,45702686
3.0,4545082
3.0,2907291
3.0,11168164
3.0,11502658
3.0,4698727
3.0,6877521
3.0,4641407
3.0,3042834
3.0,13836728
3.0,5754642
3.0,4195737
3.0,417688
3.0,25064017
3.0,159288724
3.0,49066790
3.0,966941
3.0,46250588
3.0,15762101
3.0,9276793
3.0,12440581
3.0,3868340
3.0,4343799
4.0,39317215
4.0,14014650
4.0,1927468
4.0,31420367
4.0,39394999
4.0,4237731
4.0,36636091
4.0,3179484
4.0,4413597
4.0,2646387
4.0,40908546
4.0,45103079
4.0,6390827
4.0,13161862
4.0,3007716
4.0,5170554
4.0,25489228
4.0,2337007
4.0,85505643
4.0,2125614
4.0,18419820
4.0,33576852
4.0,101906901
4.0,11245979
4.0,17970468
4.0,2418140
4.0,2988548
4.0,19571418
4.0,1470974
4.0,6133265
4.0,7108973
4.0,1133592
4.0,32828020
4.0,661523
4.0,20744752
4.0,19424370
4.0,11982580
4.0,2655289
4.0,8219957
4.0,36043147
4.0,8232104
4.0,38800534
4.0,91241209
4.0,60621557
4.0,43797056
4.0,25560635
4.0,33035217
4.0,65463141
4.0,32631231
4.0,28527792
4.0,5491368
4.0,2154037
4.0,5547880
4.0,10941737
4.0,1396160
4.0,9519037
4.0,2786726
4.0,3796016
4.0,4127531
4.0,24482941
4.0,2238759
4.0,7891507
4.0,8016095
4.0,716890
4.0,4766749
4.0,7319205
4.0,2782036
4.0,4278653
4.0,1199068
4.0,15709540
4.0,3816786
4.0,4201903
4.0,1072582
4.0,3545067
4.0,13655755
4.0,5825539
4.0,3581866
4.0,733341
4.0,8434285
4.0,3942101
4.0,5511876
4.0,17410502
4.0,13378035
4.0,22000718
4.0,952436
4.0,4612408
4.0,9286385
4.0,31759776
4.0,2090127
4.0,1747058
4.0,45392997133
4.0,26416859
4.0,4241582
4.0,68187654
4.0,70581839
4.0,2759722
4.0,5484555
4.0,18923681
4.0,46257398
4.0,42498749
4.0,2968161
4.0,7277622
4.0,39646335
4.0,20774893
4.0,4971204
4.0,24334740
4.0,13454735
4.0,2846705
4.0,5206058
4.0,13410352
4.0,2764722
4.0,8150949
4.0,44298455
4.0,29885314
4.0,43622265
4.0,229164
4.0,6301705
4.0,19029496
4.0,3081722
4.0,4753536
4.0,1178011
4.0,3623417
4.0,2299764
4.0,16693367
4.0,21667133
4.0,18883143
4.0,10415843
4.0,806857
4.0,14855312
4.0,5158934
4.0,4592435
4.0,44595752
4.0,120022
4.0,446907
4.0,661076
4.0,28617589
4.0,2606432
4.0,9116169
4.0,4809989
4.0,1409924
4.0,2787182
4.0,2341567
4.0,256960
4.0,19222970
4.0,11146453
4.0,4337141
4.0,1329977
4.0,7297961
4.0,3910685
4.0,933515
4.0,4751747
4.0,19099771
4.0,44081881
4.0,31697801
4.0,61039832
4.0,4369973
4.0,3220710
4.0,4104965
4.0,22733602
4.0,3438921
4.0,1950900
4.0,14634907
4.0,51009921
4.0,30034777
4.0,1976509
4.0,27122857
4.0,258069
4.0,5210752
4.0,356049
4.0,19864717
4.0,1969357
4.0,59494
4.0,602975
4.0,8162417
4.0,6218961
4.0,1342429
4.0,1033194
4.0,16237436
4.0,3182285
4.0,7611199
4.0,29838194
4.0,29486196
4.0,141374
4.0,15256850
4.0,1270905
4.0,8086025
4.0,8205139
4.0,6774389
4.0,29742106
4.0,957056
4.0,6271702
4.0,38478387
4.0,17518710
4.0,5307370
4.0,1419915
4.0,2603623
4.0,4822183
4.0,7464293
4.0,20227360
4.0,5534208
4.0,20806055
4.0,6956420
4.0,8098000
4.0,9231045
4.0,17577958
4.0,71038
4.0,12324955
4.0,23370948
4.0,21496950
4.0,7374013
4.0,3266410
4.0,7658657
4.0,1355014
4.0,7425284
4.0,29540182
4.0,5855749
4.0,14977512
4.0,3982894
4.0,278339
4.0,7730983
4.0,4670092
4.0,30518953
5.0,3270188
5.0,4260544
,444022
,683164
,720117
,706164
,1197797
5.0,27508985
5.0,24031054
5.0,13153227
5.0,4496905
5.0,9753599
5.0,38712868
5.0,4559727
5.0,42277103
5.0,3203435
5.0,13249150
5.0,21393419
5.0,9810857
5.0,67088412
5.0,6961844
5.0,13939420
5.0,5441861
5.0,29689732
5.0,3825460101
5.0,31566686
5.0,5172557
5.0,36730926
5.0,29720943
5.0,60033968
5.0,25971341
5.0,5160409
5.0,2267190
5.0,13062328
5.0,30314929
5.0,63666862
5.0,5277716
5.0,25338232
5.0,3912806
5.0,42857638
5.0,41959289
5.0,15034952
5.0,4712378
5.0,58341705
5.0,9419782
5.0,3670112
5.0,46917713
5.0,17237503
5.0,23315852
5.0,13855657
5.0,2499225
5.0,1637878
5.0,28699145
5.0,3399699
5.0,7547470
5.0,3047938
5.0,8820384
5.0,5524591
5.0,1051666
5.0,5374178
5.0,42581121
5.0,5437235
5.0,8303884
5.0,12909193
5.0,2630971
5.0,1334245
5.0,6011454
5.0,1326011
5.0,7253042
5.0,2829197
5.0,6247101
5.0,6665735
5.0,33043495
5.0,3212850
5.0,10165983
5.0,35898495
5.0,4597644
5.0,2132957
5.0,3238412
5.0,7227066
5.0,4045228
5.0,1137741
5.0,5620615
5.0,3748721
5.0,2870295
5.0,26279017
5.0,11108127
5.0,65084365
5.0,5966559
5.0,30755411
5.0,7284705
5.0,42798873
5.0,34055242
5.0,2530658
5.0,19555546
5.0,44616977
5.0,10285429
5.0,21715647
5.0,8154697
5.0,5180998
5.0,1124284
5.0,7558779
5.0,3282047
5.0,58204716
5.0,8737077
5.0,132271478
